"","time","status","group","z1","z2","z3","z4"
"1",69.2991926130231,2,1,0.981969411350441,0.77525280535294,-0.051696144830775,2.53911580972687
"2",146.541653173437,1,1,0.468715040036087,-0.731187768365984,-0.499387841234159,-0.180126233901915
"3",260.152125110966,0,0,-0.107971332216443,0.799037619747399,-0.902531663098291,0.716238761786353
"4",79.5723112304072,1,1,-0.212878168971207,0.0158686410257782,-0.371963086634779,-1.04806606438151
"5",922.838898343383,0,0,1.15809845503933,2.2335084842514,-0.18843329940863,-0.298991095517374
"6",33.2104236115919,1,1,1.29235484543788,-0.828032514077976,-0.736618452149589,0.0312417256342512
"7",254.52151281465,2,1,0.534647146132313,-2.09004189816924,-0.876267442214941,1.23300818219413
"8",187.655101460456,1,1,-0.12703471920428,1.76602719864895,-1.39824152924553,-0.253047781775285
"9",337.27387519766,2,1,-1.22487541446907,-0.0813913709428347,0.394617700423986,1.69926456579279
"10",347.393996828525,1,1,-1.12135130216029,-1.07539147271527,-0.629176865570561,1.38211892040224
"11",78.7809778843519,2,1,-1.6719250240929,0.07231100460704,0.498615174848542,0.454440274797238
"12",1337.38034476103,2,0,0.468917929783841,0.445265276551468,0.637250552126068,1.38775414512361
"13",279.750916211719,1,0,0.832189906477626,-0.93534127537719,-1.11927111750496,-0.157448006432981
"14",95.0189722556802,1,0,0.293021605112214,0.888976806504548,-0.269499683847981,-0.707965536931449
"15",17.350660547308,1,1,-3.27428582255762,-0.564470924280027,-2.33751760303011,-0.201055378927723
"16",55.0469602805824,1,1,-0.14811075118461,-0.844780893667374,-0.746573598454722,-0.36100480800086
"17",24.8725730566446,2,1,-0.929938735274633,-0.673842091859543,0.793790317131797,1.77283577618562
"18",76.8890327820115,1,1,0.454214351568125,-0.383762106247204,-0.706704282415219,-0.559329040200205
"19",280.241998770658,1,1,-1.60610724067137,-0.230273313471834,-1.53069142403743,0.635785916578036
"20",30.6306667299079,1,1,-2.01147132874967,-2.121709075252,0.202539963652598,0.403092779727531
"21",49.1060393185801,1,0,1.13997663396662,-0.806556021630179,-0.0874806819805122,0.82746781524264
"22",6.24182393546441,1,0,0.315702951821837,-0.452891749058853,-0.445006285914282,-0.852530177832789
"23",69.6118695162612,1,1,1.04268610000034,-0.765606529087781,-1.74449862846309,2.100016475514
"24",380.949727134658,2,1,-0.21298249662589,-1.96223656907646,-0.244132042149788,1.79883847247518
"25",30.0272985231878,1,0,0.397100381641922,-0.368124565828116,-0.0599255426408539,-2.69354571858352
"26",16.3291309585454,2,0,-1.54365250071121,1.68499972509833,-0.210957882779869,0.343859061092926
"27",53.8249388293052,1,0,-0.118199701645296,-1.13752143602068,-1.03654915937173,1.52119109409696
"28",34.5627370707807,0,0,0.684697884749606,0.787271360712193,1.75595797910968,1.46618207316375
"29",551.957204434683,2,0,-2.0557223178166,0.731025267477538,1.70413709864565,0.439131283671158
"30",96.9071645058107,1,1,-0.109424005766554,0.332516983418332,-0.277492265106511,-0.0172199677836928
"31",83.1588411966026,1,1,-1.43979364518451,-0.854752388508777,-0.746640742362358,0.0587488352008829
"32",14.6981046168582,1,1,-0.325334972728149,-1.16031033317851,-0.994316142938256,-1.17825662422303
"33",87.6029503174895,2,1,-0.505280887892707,-0.247652595877991,0.357593544557496,-0.794158261470259
"34",74.677602990042,1,0,1.20424903908767,0.630009430753108,-1.09012867184828,-0.724717334075871
"35",649.040195856611,1,1,-0.498978898504543,0.229049438843213,-1.07413823527585,1.51899868169541
"36",6.37006539493593,1,1,0.389595481706078,2.02784012177867,-0.556394143878853,0.554130206108729
"37",165.432261316548,2,0,0.337331874863737,-0.147417860774379,1.50578447255863,0.430160516115342
"38",34.9976017697976,1,1,-0.489261550050225,-0.840491357701528,-1.30351628020075,-0.336224257270984
"39",599.899398950767,1,1,-0.570771060692166,-1.83296908515218,1.08109162786298,-1.2638635733492
"40",412.953242428879,2,0,0.428364064176291,0.163806000012025,-0.0575754616272892,-0.0362874681435789
"41",33.581776356834,1,1,-0.872461837206139,-1.12199460434902,-1.90270853833605,-1.03283116765149
"42",245.434597222028,2,0,-0.00469101335874222,-0.486370389426471,1.0550891307981,-0.782866887033171
"43",2212.85170060423,2,1,0.495375148980223,0.329880176807268,0.0889552351436304,0.255956246213619
"44",906.460738688591,0,0,1.97281867936945,-1.07731992322009,-0.336562687316141,2.38954810789666
"45",46.8478033329934,1,1,-1.19686212395264,-0.393928232357821,0.185356697099789,-0.574593276099886
"46",1283.86264308722,0,0,0.130438481116839,1.57553610097946,1.07228431103719,0.508221793654166
"47",5.73456427954382,1,1,0.329059640185992,0.679105806035663,0.565049284774816,-1.89892686727853
"48",3.45692479458913,1,1,0.668158301618999,-0.682007051646202,-1.2715291599767,0.910309082042155
"49",114.296584020078,0,1,0.638992957371085,-0.378694083033447,-1.62582293268845,0.447470613274996
"50",251.803162814467,0,0,1.94045129634858,0.0336976305536073,-0.394834349052208,0.634775920783723
"51",43.5850938937246,1,0,-0.554539064732427,0.720520140690494,0.601023886595104,-1.6517026480123
"52",153.20090720329,2,1,-0.765711059036804,0.405400617835567,0.252790300699268,-0.496995628529804
"53",45.0559097071196,1,1,-0.646694361310387,0.436069356966614,-0.055685318556859,-1.1041391176356
"54",0.594602013194589,1,1,-1.02753085374284,-0.207032288651416,-0.281183694038119,-2.17449603103046
"55",337.215094384882,1,0,-0.680898071460814,-0.21347783753292,2.2578057570428,-2.40780260665075
"56",62.7086539597111,2,1,-1.43361066132337,0.240988585746763,-0.317138631879049,-1.36592241219263
"57",82.0612249340657,1,1,0.895493512495098,-1.69913864165688,0.544964886025328,-1.78683904339349
"58",146.402651600714,0,1,-0.239061270484789,1.52802863012406,-0.660845930131612,0.502670435623375
"59",919.523813714082,2,1,1.00040381287092,-0.297903750225214,0.753651491053249,0.554336474202383
"60",360.968622628075,2,0,-0.0325899798361486,0.517325404205377,1.01203344022698,-0.52039743604277
"61",13.651991523871,1,0,1.59294707621239,1.34245906337204,0.217930400670175,-0.844199945240997
"62",526.405810987059,2,0,0.860197432277977,1.96391384919623,-0.0679025397319926,0.0343869622221871
"63",297.342909277636,1,1,0.538369767564076,-0.632991433762438,-0.964074562868605,1.22700283926922
"64",131.451297735593,1,1,0.175245737816737,-0.102619279392633,-1.78536213349927,-0.331895779158464
"65",376.912345872599,1,1,1.64589814017451,-1.66962539181513,-2.16370270402564,0.0499896998416374
"66",294.513545458135,2,0,-0.128887939852038,0.257890540985402,0.584844790766314,0.621038189543012
"67",15.6435352261178,0,0,-1.99550397970437,-0.0830523588583993,-0.406272157593482,0.368773895736861
"68",781.770099002338,2,1,0.714639389405083,0.523760830738649,0.125812410993727,0.0672698279816673
"69",360.315574042183,2,0,0.491699562958821,0.172415827515669,-0.243023920166897,0.689145526985847
"70",59.7133338604465,1,0,-2.11881259117686,-1.85393114253418,1.40748827547496,-1.78139887063291
"71",101.112336314342,0,0,1.13131845477581,-0.998640508372238,-1.8425760627601,0.80701109597827
"72",16.9532578210362,1,1,-1.20821528021287,-0.953630704980624,-0.481616212542237,0.0629730710177858
"73",407.617249684742,2,1,0.295865918593792,0.810817619236844,1.16433267031669,0.797812828989274
"74",47.7697110053294,2,1,0.0752686900648812,-1.47322740850305,0.453673899416594,0.287403504514763
"75",1666.59011445229,0,0,0.196160248308003,0.824267367482962,1.3601576993677,0.426127292916244
"76",0.861991801903931,1,1,-0.312758899741354,1.53319383112154,0.721568669309903,-0.750622993624406
"77",115.77113743412,1,0,1.42129014680825,-0.56780147781355,-0.188303115445086,0.767916720677887
"78",462.824271146266,0,0,0.683470550500224,-0.170631538088293,0.0152332724438483,-0.113362721671132
"79",4.437683363214,1,1,-1.03885629111138,1.14183560126792,0.730821881219075,-2.05527964310567
"80",401.620826023752,1,0,0.0156826894025526,-1.43927335448819,-0.824619772977601,-0.527990791681313
"81",11.4884945934732,2,0,-1.24320967834395,-1.22152518220728,1.54051975127508,1.26249169923736
"82",59.628502112617,1,0,0.99185898159433,0.832087864999373,0.165189743200311,-1.15902926664875
"83",6.11470537510607,1,0,0.863965139598421,-1.85695932836949,0.80620829870882,-0.280110052623243
"84",207.151272543248,2,1,-1.75503854875554,-0.895813576729224,0.174045626543294,1.34528624299572
"85",119.880308371852,0,0,0.148808218516151,0.790730411056309,0.00658046139586368,-0.95753070436222
"86",1787.49408904026,0,1,1.11007456035807,0.173656079908905,1.57611462016578,-1.00502619321389
"87",40.0509011399744,1,1,-0.182752914383314,0.137664784952425,-0.501036368228444,-1.36394813386987
"88",734.200532531133,0,1,-0.25518776801131,-0.971845651773456,-0.207769597285392,1.17096902835734
"89",61.5835832935364,2,0,-0.250936687023693,1.81093918099169,1.06697244472614,0.0988676151633429
"90",86.9569099744779,2,0,0.816620959269145,1.48816352936955,0.378966716510872,-0.275806354720447
"91",28.501136360049,1,1,-1.22741533746968,0.0118247643257722,-1.66630535306105,-0.45551008247936
"92",406.438280287524,2,1,-0.521230112207303,-1.23354780544236,1.07807451870852,1.42888854122514
"93",114.652303661526,1,1,-0.704712448567942,-1.36066224092408,-0.513214546545664,-1.2152447991816
"94",327.92536891799,0,0,0.687437470185347,0.483101866181976,0.0703663251259168,0.966133434696465
"95",108.504795841906,1,0,0.547592895535183,-0.27653625550452,-0.914281765785474,-0.202775446632841
"96",140.436892008001,0,1,-2.06585280355845,-0.315055210156591,-0.458408643288579,0.870080140124423
"97",223.615311037641,1,1,-1.16581874873459,-0.336185978523682,-0.51927651979694,-0.107046540428143
"98",1152.68252891678,1,1,-1.17925052730277,1.48749020316798,-1.24854559418104,-0.643527077558657
"99",184.754414195911,1,0,-0.0297593598918793,0.513053746094958,0.221101097771283,0.798168942190133
"100",36.9734516470229,1,0,1.15152179090866,-0.307497259417008,-1.86226520754199,-0.689011001342315
"101",64.380112682411,0,0,2.20866170263516,-2.58268251440913,0.519388919881431,0.515103364263288
"102",1012.62274368131,0,0,0.440132782687226,1.28873657256341,0.29072263526308,1.83225365610248
"103",732.858447467966,0,1,1.04316598755119,0.603760301566192,-0.761313145306854,-1.01840170422091
"104",241.481012493896,1,1,0.125676744922278,0.130201342868371,-0.817364818218691,-0.658670965921126
"105",56.6350780432848,1,1,-1.26524945482264,0.216206558916627,-0.546183022853207,-0.934372852443837
"106",933.299494451727,0,1,0.374360037015229,-0.836787967119248,1.11796149732194,-0.819965924251461
"107",253.175195733714,2,0,-0.199609415300213,-0.112215762472535,2.51462470952105,0.854789975330485
"108",93.4809463477492,1,1,1.15478290427735,-2.09661612216381,-0.379342696620805,-1.16435275668167
"109",237.971855103035,1,0,-0.561705709820649,-0.0866186140997717,-0.0296358003830788,-0.198363359594286
"110",280.11846570209,1,1,-1.13775660694886,-0.49472403112167,-0.547663735590054,-1.69898894319493
"111",34.5605541566128,1,1,-1.29337009302956,-1.24138571209821,0.131464443815873,-0.963384698895824
"112",217.769273819448,2,0,1.124811943473,1.19529756361725,-0.00826919219099447,0.25758419948016
"113",164.951415850884,1,1,-0.701000727173593,-0.652172948753563,-0.659092485195681,1.49229732441016
"114",296.706366221772,2,0,-0.0288758096769264,1.59396606063696,0.990853494623998,0.817924013172485
"115",348.889675430094,2,0,-0.624974887486906,0.479016701218928,-0.397370780392437,0.722967966852292
"116",183.969746188893,1,1,-1.83036801979779,-0.865230093171183,-1.15252358541506,0.312923282937086
"117",1488.59868434409,0,0,1.9047931674535,0.882853886659777,-0.452898654796206,1.35361742012024
"118",793.553118565017,2,0,0.529919114959314,2.27065823794001,1.5296265916944,0.262542388989116
"119",100.031964841009,2,1,-0.264790948967245,0.0499899780877997,-0.419776680545719,0.586533553022442
"120",2373.62303947628,0,1,0.907147245603508,0.142793791326482,-0.0686237874797543,0.768122480648657
"121",279.497435242504,1,1,-0.265268577988067,0.815739787144098,0.229846636895135,0.790188223386019
"122",359.926598960698,1,1,-0.328567471016804,-1.07364507043771,-0.118975754961399,-0.830255370475104
"123",336.048796109933,1,1,-1.30367636155847,-0.34067041280668,-0.0446750270298414,-0.768121247212545
"124",128.331625912379,1,0,-0.19728943649195,-0.738891042530851,-0.171120347341463,-0.262452371375197
"125",303.772930538573,0,1,-0.711440055623224,-0.198861260651364,1.53617490572601,2.27570369901844
"126",489.82118291111,0,0,0.0288413776797543,0.880888826650902,0.618462048048837,-0.431707586420169
"127",162.002439464976,1,0,-1.07349485921401,-0.280877203273318,0.945658572355383,-1.37889993943434
"128",174.014090294912,1,1,-1.09179206421077,-1.15360618204726,-0.939123390685244,-0.286405285897747
"129",194.018570347559,1,1,-0.56900962765166,-0.159045577278996,1.45480574114445,-2.24409023192356
"130",189.918715343731,1,1,0.519558125577763,-0.159644590936166,-0.448182035058638,-0.28200144981411
"131",65.5038872816086,1,1,-0.970174953116679,-1.37790464128613,0.301679784070381,0.607506976088982
"132",323.761323972547,0,1,0.133518574496549,-1.00373834380781,-0.235916084614264,1.792377741077
"133",285.858783899639,1,1,-0.649716478054929,-1.68586579641706,0.237054078320986,0.9459980909937
"134",14.4547331029438,1,0,0.0367306507775587,-0.331495415282493,1.07646757251702,-0.527483580641954
"135",24.283215905074,0,0,1.69080705752006,-0.806465428052572,-0.808816679142954,0.192548359299277
"136",1010.84688234415,2,1,-0.843001232495456,1.23214709784704,1.27826251070027,0.793086738434023
"137",103.58779987236,1,1,-1.20077212142888,-1.10646405105262,-0.133319302428328,1.5847570811372
"138",23.3227866231188,1,0,0.528077809251587,0.697908802727413,-0.65629120994953,-0.238576591342138
"139",24.4751442286281,1,0,0.326143972893181,0.183561156496872,0.590428039047658,-0.694318931658797
"140",147.984345219823,2,0,-0.299909079772185,1.40696751251285,-0.153070221492889,1.06069051618431
"141",119.945743293935,1,1,0.551737996586638,-0.783154357420623,-0.485265133578478,0.16096937179211
"142",13.8367475386731,2,1,-1.24650545927955,-0.502735160116656,-1.19299823163467,1.39938380408723
"143",42.8761963840225,0,1,-0.796453000096277,0.699978417623494,0.323519698358988,-1.5893258295736
"144",84.9636289770715,0,0,1.74334964989931,0.760986086868856,1.96259583013127,0.616605799271048
"145",77.2908124516668,1,1,0.86405132479765,0.192498342823915,-1.5775960994479,-0.158776296293655
"146",74.3793178466458,2,1,0.731203886573071,-1.30089194010523,-1.29630143087086,0.460351642525558
"147",159.012803772042,2,1,1.73516661328297,-0.939301035512094,1.33989439249964,-0.0896027107908573
"148",65.4756552985697,1,1,0.13837718484504,2.00788566049048,0.347650223623456,-1.85654756242233
"149",12.9271040371745,1,0,0.8720575979301,-0.492177008373986,-1.45768230501326,1.02564285364923
"150",41.0824107178807,1,0,1.05024875250688,-2.04206057798091,0.210593420732179,0.669917565090701
"151",152.843337757132,1,1,-1.13743873910539,0.984147635817262,-0.398478718046987,-0.565976465111555
"152",44.7103067775072,2,1,-0.0436571319162971,-0.835141622223835,0.753653927738676,-0.91722545584002
"153",9.49337555794045,0,0,2.3935301739161,-0.410276482837891,-0.444033182243855,0.0412217440429719
"154",44.613698991578,2,0,1.24444013015039,-0.276644114183007,1.45991288365842,0.348741296556516
"155",195.310848056936,1,0,-0.767213057391311,0.553683122781051,-0.204168901859619,0.100230441143321
"156",387.278141296014,2,1,-2.95151475392099,1.08703534861159,-0.546525999149267,0.681734217770388
"157",90.4240505424174,1,0,0.329239194531822,-0.651571637242315,0.152121942940276,-0.457181860538839
"158",7.95839921997929,1,1,-0.305761610623122,-0.31509029641509,0.0945095600307267,-0.589852165653703
"159",112.998475392494,2,1,-0.712534311408258,-0.186945809806392,-0.237086176412476,-0.449078959381467
"160",61.3377150711918,1,0,0.292247801726892,0.026870749393906,-0.503170804567023,-1.12145407765875
"161",605.824583613547,0,0,1.73894209134024,0.589619661003026,0.375054999643004,-0.123950820734166
"162",440.915538868327,2,1,-0.00257142424582498,-0.573135412047217,0.655280069553366,0.680249751214713
"163",27.2224110122987,1,1,-0.00446431663701564,0.148739256919195,-0.00888700442967029,-1.27802020588257
"164",505.272112531588,0,0,1.56199313824202,0.851798910621533,0.0928625698658257,-1.15059467395157
"165",161.366409644346,1,1,-0.380505954911847,-1.68293891012527,-1.24982172976559,-1.09835582619742
"166",33.4283126264492,2,1,-0.632885784223679,0.51936823582353,-0.0490327825282117,0.704120542518504
"167",6.20607039267224,1,0,0.137019137952547,-0.718607597709559,-2.52057250787262,0.501324001222302
"168",77.7652687710511,2,1,-1.72531305864046,0.853879191848521,-0.150728823447998,1.22993143925516
"169",28.4860028848037,1,0,1.22290580850524,-0.0623311951058356,0.439910106668061,-1.26862962356441
"170",2572.08170703685,2,1,2.19604004019626,-0.402194177130007,1.20288894944939,-0.431471299688908
"171",35.4901055815914,2,1,-0.368523323367757,0.499308329004893,1.4144196883223,0.517239202310682
"172",359.110834186399,1,0,0.925910686319988,-0.13494322392605,0.446318109064924,1.06988886713186
"173",31.6935851105587,1,1,-0.489477776603747,-0.264779419886958,-0.517282363108705,-0.0669745070496134
"174",6.33712784575012,2,1,0.207552353591943,-0.763836933271143,1.17277589256756,0.532945425693812
"175",126.068888934518,2,1,0.398127798274826,-0.42737657801824,0.927919365859204,0.217073615171983
"176",107.59591970989,1,1,1.15603750967308,-0.89885978409651,0.553963140827218,-1.79047834083823
"177",393.713745028537,0,0,1.24213119154568,-0.0347507836472958,-0.0787179752160555,-0.721659770743512
"178",1065.42643811134,1,1,0.165909982543759,-0.0555481359506139,1.03862218797502,1.09394066784166
"179",1716.72847593826,0,0,0.715217694459379,0.586792471880535,0.833764681859859,0.18533445868745
"180",71.1465818183785,1,1,-0.378404319682115,-1.40081743958003,-0.768219666622726,-1.66547099431541
"181",242.920907770576,2,0,0.695482029935346,-0.130220077534517,0.53698466115796,-0.48637456205108
"182",32.9030948194271,2,0,0.254603577957544,0.504924207187272,2.45261805931496,-0.84731482381504
"183",31.0459384286844,1,0,0.670041301703396,0.298694032441022,-0.172078429288596,0.751553240482796
"184",1561.47909681359,0,0,-0.664854890523974,2.92585847730211,-0.466254210657351,1.19303834877568
"185",49.7126552908962,2,0,-0.375250010517242,0.568355184553931,0.538612059566944,-1.20258263706054
"186",77.5641788915763,1,1,0.752244834080905,-0.233407824315481,1.23276792135387,0.148974500343895
"187",135.501907433526,1,0,0.99655515041986,0.647927779791114,-1.14442022523986,-0.235368231347295
"188",755.715433639014,2,1,-0.360303668157328,0.0394012255177802,1.46914516576935,1.49374885025172
"189",37.7709779869205,1,0,-0.67006000567486,-0.566339869821828,0.0801379918413432,-0.747662697644128
"190",251.923335480549,2,1,0.478492761128781,-1.16956814468795,-0.00415198881964809,0.747877187909025
"191",44.494548266436,2,1,-0.588681209252098,-0.338211781988277,1.01455272760869,-0.291625230470822
"192",328.828993862281,1,1,-1.0452471766004,-0.251190274256465,-0.338108954853202,-0.799943471941167
"193",713.240293529743,1,0,0.555341398802417,0.826725680106278,1.17234457740675,0.118544202336163
"194",606.977981263306,0,0,1.06552184630196,0.990471068809899,0.669992105137275,0.338642517965215
"195",563.738840120786,0,1,1.28764954631915,0.776481051189437,1.33212777668476,-0.249177193462942
"196",46.7267657177451,1,1,0.583475101393842,-0.805946195675295,-0.0449395269753152,-0.0836248148389548
"197",715.496404654594,1,0,1.26413132433733,-0.401495588772257,-0.136576343333661,-1.38114516054022
"198",27.5456651092744,1,0,0.488415111852723,1.68669549804057,-1.15116629195141,-1.21178657888746
"199",2070.85037393332,0,0,2.29654989495162,1.74860550154188,-1.00690370010908,-0.118244555733537
"200",43.4182928545034,1,0,-1.81315831747814,-1.57979047969397,-0.0574110647339415,0.71773256845199
"201",13.4753161042634,1,1,0.00218946125209048,-0.960990853830804,-1.118290831649,-0.71819795949351
"202",335.377796768674,1,1,0.475364334605827,1.16811100937542,0.775793508629634,-0.622709974223164
"203",68.3111173866688,1,1,-0.777742496311556,-0.169963238577975,-1.62972606528556,-0.644886268122947
"204",1289.1366325919,2,1,0.205377675023786,-0.980896491173681,1.04239585797469,-0.0622958695635845
"205",110.011237050286,1,0,1.02254474171184,-0.522696768448762,-0.954696191626237,0.053942179499177
"206",68.0126143968554,1,0,-1.01007681040258,-1.04282724604339,-0.440489096379339,-0.864130858163759
"207",701.67366266372,1,0,-0.751933509383694,-0.0272486258649168,-1.01080450701862,1.40696613421022
"208",73.4244191777707,1,1,0.144192432314699,-0.562573776419492,0.0995224013804251,-1.13214240292027
"209",1035.23842465185,0,0,0.880558228774684,0.541147964919117,0.645787651571545,0.982834784122335
"210",282.326360719273,2,0,0.431361274506277,0.596399511504337,0.508882315507654,2.75750031071473
"211",19.4774752216617,1,1,-0.690946420020295,-0.502625704322956,0.503802188202796,-2.04924608148356
"212",944.834665621689,0,0,0.559340760371425,-0.457652321005856,0.687639343559128,0.463772494695234
"213",55.0550520869241,2,0,-0.563790520573196,0.120304137700673,-0.529133332881226,0.87985241219476
"214",85.0342757796091,2,1,-2.74231751288163,0.352649537280965,-0.0837467518089286,0.442504211928425
"215",110.858180524847,1,1,0.6426826464088,1.62405608893516,2.54918966428706,0.0898800666398423
"216",85.0778631050486,1,0,0.399226782475046,-0.364399273083358,0.454040554547552,-0.48510850943159
"217",64.2708235589535,1,0,0.698712994322033,-0.191191027205394,0.84618401900036,-0.82129292194595
"218",152.921574447254,1,0,0.522457073938795,1.80008615781937,-0.393862079637641,-1.1660524975734
"219",117.519887863427,1,1,-0.596522934411727,0.537693049431498,-1.41729713283284,-0.982631011792065
"220",20.8224676599229,1,0,1.07961910629198,0.224130942975278,-1.10671048050387,0.88297281367003
"221",134.630227655405,0,0,-0.652068185705606,0.859988239433962,2.13248325341041,0.755103836043759
"222",38.0334297947502,2,1,1.49547796546571,-1.1315479860172,0.289674426489239,0.587278959309944
"223",389.07804851687,1,0,0.134398185105457,-0.594130042490327,-0.98442838137679,0.0610399292841225
"224",4.84145096991639,1,0,-0.0735164108469455,-0.0280009211457583,-0.416160861283126,-0.993681037262479
"225",449.19627976416,1,0,0.0262745292251776,-0.911622198448388,-0.209494989157292,0.0834736544357081
"226",36.2403563613922,1,0,0.23932095417627,0.968811524121832,1.75322136282013,-0.713316651102602
"227",338.022493630032,2,0,-0.0846309590999704,0.808182740598792,0.215720554479466,1.77630407681874
"228",283.326948740112,0,0,0.459021086440669,1.07699595505282,0.296502896131296,0.536713070696971
"229",57.5461075503398,2,0,-0.25589099734331,0.876674377659988,-0.144740512495777,1.31602804031587
"230",540.23271050548,2,1,0.615952022783834,-0.131539583875518,0.299382526940279,-0.00260842446907763
"231",596.242140850064,1,1,1.34711843045988,-1.0213102990007,0.637619732162289,0.529090310595843
"232",399.429623914228,1,0,0.675828683272879,1.06871754201265,0.109324459308528,-0.156222905531377
"233",316.51213212899,1,0,-0.219714820534008,-1.33897555856156,-0.11166160785967,0.768022626145787
"234",283.015197207276,2,0,-0.372852244242729,0.110171054124634,0.185055855394843,1.24165842374632
"235",11.6331667988271,1,1,-0.0319899344771504,-1.63057045237892,0.0564995263394471,0.0957073208203521
"236",19.4574199394922,1,1,0.0872803595612798,-0.361869852261524,-0.89523776945449,-1.38617192743787
"237",131.307176642934,2,0,-0.0635553519375065,1.08117180103461,-0.397399629517381,0.114205318471873
"238",55.5779067083864,1,0,-0.515650665736244,0.416293282812245,-0.727470564191394,-0.501788323099577
"239",98.1601246043057,1,0,0.0780772724925479,1.69483229220392,-0.825101700566264,-0.349872344409719
"240",31.755216353652,1,1,-0.916689197684619,-1.20956134765403,-1.56362457250554,0.0334242301152476
"241",120.783293309317,1,1,0.217458767628588,-0.133949707743399,1.70003299249892,-0.696725040089699
"242",47.5449132930525,2,0,1.0916894998188,-1.30774779786578,0.391631584616702,0.213646077659393
"243",453.764047237756,1,0,1.36498500105008,0.843191257922969,0.841669437948564,0.772042379494476
"244",311.321435549064,0,0,1.13418420694798,-0.639968419058971,0.693901294875988,0.0276673831076597
"245",334.831072495171,1,1,-0.910223353381847,-1.25907872215667,-0.750529178032195,0.274284224310478
"246",116.407351199232,2,1,1.89166103356048,0.0817824248935857,-0.0933370556148077,0.113924060426561
"247",0.581420173485174,1,0,-0.56468439458776,-0.193424406419551,-1.20603991992947,-1.18120316936604
"248",174.484535644215,1,1,0.257834548397625,-0.33665628831083,-1.7238554743825,-0.0553246642848008
"249",707.412981355673,2,1,-1.12195524725869,1.04091500219382,0.0359998939359098,0.694262911090528
"250",1479.82988622651,0,1,0.153117309363479,-0.410447185044083,0.301397705097832,1.47733844089818
"251",493.106507443707,0,0,1.72913769263462,-0.217605767136853,0.459492544830406,0.271528357992341
"252",229.415770190165,1,0,0.172390241147258,0.636158008207267,1.06605922582309,-0.167180418041339
"253",176.644166334929,1,0,1.02596319970137,1.92807250701929,-2.22368461172825,-0.876756132958334
"254",81.41419944461,1,0,-0.277718226081218,-0.0316873070045306,-0.0843177957273681,-0.455690108779078
"255",317.667883985233,2,0,0.272060815850393,1.10546980703207,-0.9769818696733,-0.0779588141471989
"256",729.225137143107,1,1,-1.57414945335862,-0.401392057141397,-0.104402287146587,0.624553141500429
"257",67.8762848224724,0,1,0.14791457451534,-0.0980764659837433,1.21775102258341,-0.90936781588003
"258",179.891779098395,1,0,-0.161100411218263,0.161801657235357,-0.222177748504529,-0.48595922468822
"259",504.802173207969,2,1,0.552408792402653,-1.19577581146615,0.183000364074888,-0.424799108374196
"260",52.0723830394447,1,0,-1.15087326123939,2.36335715936312,-0.306264070284018,0.203294074254151
"261",84.096430073536,1,0,-0.23872725222163,-0.993586991295908,-1.15850357978717,0.311867310991112
"262",833.24982887649,2,1,-0.343536663412671,-0.153083965631431,-0.687959472218102,-0.141049345973215
"263",18.8844069685275,1,1,0.529464779092492,-1.8235701911924,-1.47037849806589,-0.821874872444624
"264",19.4720435244997,1,1,-0.756175083262853,-0.206095736304763,-1.66010941336536,-0.487347521038742
"265",35.6217857857714,2,1,-2.54076757969432,-1.94115112476909,-0.0402184768439921,0.385983156389043
"266",111.088810768102,1,1,0.608408330906237,-0.794527145569168,1.17559760332221,-2.54181398773068
"267",21.2404250615603,1,1,-0.454738084337411,-0.363910047753852,-0.448883773903909,-0.00517837123863857
"268",32.6663448568563,2,1,0.728766289309695,0.268547351971731,-0.612250120889278,-1.14865745422743
"269",36.4490352104941,2,1,0.539880014838697,-2.91633657749471,-0.346058749330194,1.29572273532765
"270",652.453784681745,1,0,0.925007744486747,-0.270858950023131,0.959879027400356,0.154855671710977
"271",74.2983725673267,1,0,0.894850508478566,-0.479128836210439,-0.0701361835748866,0.174317845113717
"272",723.195589057558,1,1,-0.179628774861201,0.741670071445809,0.644269616493429,-2.05748148472883
"273",458.235593988269,0,1,-1.34208555950708,-0.409799433472614,2.4392650185057,1.19446302318365
"274",243.001752695346,2,0,-0.814892493237968,-0.0211223261540038,1.01147329594214,0.681802743208388
"275",140.860129087777,1,0,0.571543899080758,-0.355431674012761,0.0641278553029671,-0.117141141314895
"276",223.601850303216,1,0,0.0304383475917239,0.877033218003057,1.39862011697063,-0.726566065439457
"277",3.08937720461421,1,1,-0.620340831205224,-1.19212676814852,-0.280711509425199,-0.630849518237982
"278",77.4614868226123,1,0,-1.5882283842177,-1.08947806771622,0.487039318785494,1.07536556258975
"279",23.8537721590801,1,0,-0.935439290830796,0.510291954517181,-0.700085128577498,0.735355296786354
"280",5.40583890273366,1,1,-0.118711762110026,0.706247733552355,-1.0949938682765,0.590184548407322
"281",991.844673511747,0,0,0.664979271209341,0.148308596604585,-0.327429071864667,0.32821491589578
"282",44.5913965459568,1,1,0.239768821863316,1.38558548575481,-1.27092192523232,-0.460294603852703
"283",1076.82698742725,0,1,1.363805972912,-0.167896401153068,1.17255186523498,-0.397282145599939
"284",210.936213341674,1,1,0.223536742345913,-0.563908855979132,-0.701958002512362,0.661195773971626
"285",5.00330605557098,1,1,0.610405115581902,0.267092401012245,2.24031479394488,-1.11611551485563
"286",195.12111198826,1,1,-0.391805545388612,-0.939074403525369,1.33533241465404,-0.454512791548239
"287",183.980681016942,2,1,-0.779000793579476,-1.65287083883749,2.01523424499978,-0.0537912640360821
"288",163.080159242417,1,0,0.0639380609434975,-0.00341914302497281,-1.99745821382378,0.391934326415103
"289",22.6701459743579,1,1,1.0971534850129,0.551149257264663,-0.392583392929626,-1.12480994196019
"290",99.371615422282,1,0,2.53319326201348,-0.282493711955504,0.643475456537293,-0.0754435402100724
"291",167.399868818582,0,0,-0.689872145908019,0.606604093627245,0.0324375907274463,1.71114448715395
"292",21.8427619974767,1,1,0.803678854206339,-0.750675238789709,-2.46727832225442,-1.81790912332649
"293",158.441259349685,1,0,1.65778773662102,1.56270625041554,0.656117245956444,-1.64475289933406
"294",199.655975653278,1,1,-0.41704326538974,0.469548190681261,-1.02598088454791,-0.295206551674248
"295",1466.693555404,2,1,0.33804727512916,-0.928509921374244,0.399205371867421,1.07426305160217
"296",1138.46330881468,0,0,0.705126786422389,3.0809961023422,2.0536453603436,0.145883845679745
"297",890.113388754456,2,0,1.3125182068978,1.02723511913893,0.554413169372575,-1.24522625276095
"298",159.776763486268,0,0,-1.22903959055421,1.14347476866182,-1.21217177350427,0.233398755171599
"299",6.89110823178963,1,1,-1.27419637679424,-0.850938969642946,0.477987640083934,0.275453572541427
"300",1485.96790310332,2,1,0.136532149789913,1.18092862673944,-0.645563327515538,-0.59868330896154
"301",85.0424697816052,1,0,0.711202844480574,-0.18250731495937,0.923059722805966,-1.12406441964378
"302",167.626792314256,2,0,-0.632376348818796,-0.197901626600602,0.998757803080441,1.19713220513241
"303",167.279280407121,0,0,-0.317910262602795,1.1036246911166,-0.360383289550471,-0.232044332439383
"304",1798.61669944267,0,0,1.06750166236092,-0.406021758475456,2.24358798191908,0.803040808952022
"305",811.936941107974,2,1,1.59225516483838,-1.26972247904347,0.4241022833283,-0.0901790506804469
"306",63.2644951526424,1,0,0.449359099205442,1.17483000068939,0.730151576272659,-0.430079625391629
"307",103.441903264989,2,1,-0.108154437210893,-1.08466782290489,0.950183751606798,0.371239416181179
"308",466.42160889078,1,0,0.715474251077108,-0.538730961605444,1.95939309425668,-0.541190751783608
"309",105.3484728572,1,0,0.179834669941234,0.25062746220219,1.2267130821996,-1.15614316107623
"310",627.128309773747,0,0,1.3185836859817,1.43644558870981,0.334041235868091,0.550386836037425
"311",249.887610234265,1,1,0.389644730052996,-0.586701507875573,0.448527635158834,2.14060516959409
"312",64.4789783114171,1,0,-1.33516696872942,0.985898611874383,-0.122418974093902,-1.44893238771338
"313",299.936815058197,2,1,-1.60958358576562,-0.260387380448879,1.38478250905284,-0.705990568221026
"314",63.1057109831204,1,1,-0.869807423019583,-1.10691914162498,0.111930350046086,-1.17156711355234
"315",568.401690691826,0,0,2.93053462033689,0.105227598961214,-0.0638808212407329,0.547330452664068
"316",244.119248366151,2,1,-0.421580210189153,-0.128970639728583,0.155343190586792,1.37079024881578
"317",822.156488709795,2,1,-0.0398297210891071,0.501991578609765,-0.799579256896962,1.72587526068458
"318",62.1862377626969,1,0,0.0381266882673787,-1.05074564211278,0.753918247347337,0.358673335162932
"319",126.12091621913,2,0,1.04256051189586,-0.695884548723367,-0.0544560134873546,-0.747103665095055
"320",32.4807799958259,2,0,-0.641327604787044,-0.146792617518279,-1.30051022053596,0.312743015247543
"321",18.7154516587246,1,1,-1.0684656363248,-0.975654618047116,0.346956450584902,-0.353669090724113
"322",107.863291363381,1,1,0.199851358164243,-0.523942528240677,0.750433775629065,0.108583686461644
"323",397.968627637258,2,1,0.388162081942278,-0.0900418991282293,-0.86701433195946,2.72377698153173
"324",528.098716143486,2,1,-0.679450653398379,0.633645705411436,-0.0542663456532734,0.914999087165956
"325",93.2163490557045,2,0,2.65717077824476,-0.65021758424905,-1.33285032571027,-0.235989414444541
"326",236.871203449542,1,0,-0.163250527150593,1.21054655665994,-0.7626029199927,2.01629277918531
"327",106.879534480297,2,1,-1.02436398624072,-0.292262191236423,0.921110257850619,1.22544608048979
"328",130.892316932324,0,1,0.685924215635425,-0.215125310289532,-1.20284733977041,0.105013828899808
"329",29.8794567353081,2,1,-1.9528144961861,-1.14036737915629,0.19364690658767,0.0505995580770549
"330",1091.74918224844,1,1,-0.364626019788328,-1.02650171258192,1.09225782104817,0.922744235454811
"331",37.568702576886,1,0,0.0837016486180133,0.225718157330362,-0.174354777890981,-0.88454071025169
"332",593.869016321763,1,1,-0.62497141268932,-1.3256666325431,-0.248980860660411,0.17077176591721
"333",1789.3407889578,2,1,1.33842452662869,-0.163281338965096,-0.926516432023139,-0.463256866949235
"334",4.51195226798731,1,0,-0.478237659938807,0.859944914904184,0.483973953963703,-0.981298073779342
"335",38.0945608188773,1,0,1.13123890603547,-0.87755245454751,-0.890442771884248,-1.17843613493519
"336",0.48064380902294,2,0,-1.51502282813937,0.355469647319015,-0.081829706492162,1.38806855390001
"337",134.476899472083,1,0,1.37030178185034,-0.53380394322309,0.274482287438712,-0.78635622173644
"338",47.8496261401151,1,1,-2.07515452637654,-1.30547639348764,-0.374885673114527,0.489243544939205
"339",328.851016921995,2,1,0.00865470406351299,1.2554001094415,-0.384786258514651,0.773186588987159
"340",693.527317456515,2,0,0.442947118565176,-0.910360388241814,1.28844557522338,0.744760834595997
"341",270.719542647376,1,1,-0.653474038599344,-1.60834278628228,1.52174044026918,-0.421809821781109
"342",133.552738176193,0,0,-1.59085900902484,2.15301357007759,2.42376367086158,-1.43344623471373
"343",918.955414696364,0,0,0.327438950434602,2.18925158869377,-0.441472639231027,1.61304269748288
"344",638.150294272402,1,1,0.0352181073244471,-1.80625582405331,0.678306871172132,0.867812965635192
"345",499.186389119889,2,0,0.724555201895489,0.962321413723242,0.55292088595511,0.893856262667989
"346",652.391448853976,1,0,1.51307498906351,1.62202233795924,-0.667001757250307,1.06797973798873
"347",13.0255506715333,1,1,-1.15059395530594,1.14682111631479,-0.405427407161637,-0.139328836538847
"348",341.911324445799,0,0,0.478888982026175,0.483575481860242,0.180589251603715,0.101652233591212
"349",1128.21550257194,2,0,-1.14549857516378,2.37790067125491,-0.400253897252679,0.6534450669999
"350",1586.41774629732,0,0,1.29657907014957,-0.904636935757469,0.356401336727654,1.83423700708106
"351",505.879739113264,2,1,-0.408941739148319,0.330498846896663,-0.658667727079198,1.81095410795959
"352",17.8290140718411,2,0,0.796493380617591,0.0303912216286447,2.56113027494304,1.78402091517755
"353",57.9391877015037,1,1,0.722923226562041,1.65460220037413,-1.22100536279304,-1.58731298274427
"354",49.1339028249904,1,1,-0.757971093648712,-0.359900669016949,0.789764703332111,-1.09002779174382
"355",313.811971490723,1,1,-2.03990965838588,-1.61527997107624,-0.0833763892953383,1.77979315060105
"356",9.97729680785378,1,0,-0.508886376819595,0.438749724773019,1.04064010356888,-0.638573049862377
"357",242.472900954003,1,0,0.729137364698982,1.53132887989582,2.06392182439949,-0.665482581065855
"358",317.344827763387,0,0,0.815265958161316,-0.796913125151533,1.28715725262745,0.846685680154599
"359",124.932213539956,0,0,1.17467553659151,-0.361379791182685,-0.611351379781402,0.969371274218915
"360",181.361265055636,2,0,-1.10257720675612,-0.486015592178015,0.17090808954759,1.03763167411564
"361",37.6857715696121,1,1,-0.245348476541535,-1.13418981346976,-0.725786015478421,0.0150264183525838
"362",3.17148263024865,0,1,0.549978875040469,-1.40673992010298,-1.38755954523799,0.189071862383851
"363",349.220548244526,2,0,-0.749336752122776,-0.61946826916006,2.04028501979477,1.48503536113629
"364",95.3057915908647,1,0,-0.652113963614056,0.226988174820856,0.438815026313302,-0.0215790727740253
"365",262.437771487287,2,0,0.441817132667423,0.404683863800921,0.289314917672176,-0.63173335876745
"366",36.3495727784273,1,1,-0.529122349041348,-0.345292107768298,-0.526690247796211,0.306272206311512
"367",56.6500017446768,1,1,0.171337771577521,1.15282877280235,0.347170060367427,-0.429574329729856
"368",599.591050055461,1,0,0.116515057131904,-0.111308717922922,-0.030300441770894,-2.68748962231728
"369",5.81963790260672,1,1,0.590536814382142,-0.740407372609747,-1.28845267642632,0.756996046075626
"370",22.2568076857263,1,0,-0.710852937779467,0.0370541327515557,-0.854535514581284,0.374711446517773
"371",25.3864077786556,1,0,1.74410233789987,1.0961172316618,-0.133985397927359,-0.0286993921864207
"372",281.809538450483,1,1,-0.424725527509677,0.721292796032017,-0.806816905800389,-1.76812823292106
"373",220.745003634307,0,0,-0.412485227136132,-0.200081278698281,1.65336784323746,-0.54738293581167
"374",75.3401170303202,1,1,-0.1492450553246,-0.846204422921105,-1.10762080121158,0.877422612860591
"375",363.364089585966,2,0,0.049048335072041,1.61748930617952,-0.787010699303221,-0.167536435936541
"376",353.796491451707,1,0,-0.129923943924853,2.08237678089505,-0.37020256762345,0.735847615406091
"377",303.515878135487,2,1,-0.208862056963865,-0.614632061519679,-0.161170202643251,1.86702925365827
"378",95.9435872378868,2,1,-0.462896564041205,0.244544212643782,-0.949588405775763,0.117400547271591
"379",680.773808723788,1,0,2.32543063320106,0.00886650021557883,-0.130980267826158,-0.213143287595663
"380",219.914833090652,1,1,-0.842428591481768,-0.621737887258192,-0.0618448971551196,-0.316997830940982
"381",12.9182267813066,2,1,0.173924212053915,0.81430582358309,-0.830694131912812,0.930794246600835
"382",0.690483842480883,1,1,-0.244684386030206,-1.93211907324422,0.866163198087372,0.575090430854364
"383",416.02735192881,2,1,0.264456733639328,-0.384550429982348,-0.524899168215236,-0.206174671666638
"384",311.227429664559,2,1,0.0309584893658157,0.226792339812237,-0.670247914218116,-0.53484786147174
"385",206.366563864575,2,0,1.52773124922528,0.654938723264134,-0.998310998411769,0.21353984588384
"386",1628.93821140072,2,0,0.390435662611667,0.578339351274296,-0.281938489381483,0.641970625553407
"387",237.833905473821,1,1,-1.61494453802577,0.462088853052222,-0.851521510788557,0.7141763950446
"388",760.905062659633,1,1,0.821067388896568,1.42927797522115,-0.639357146503366,-0.00748894904882363
"389",180.541866151861,1,0,-0.132369984678613,0.642551563425795,-0.216177827326836,-1.41668116119193
"390",471.212580370999,2,1,1.20613241061493,0.930638217101108,0.0866588220528402,-0.66411671196211
"391",4.30752369409565,1,0,0.0143376495280439,-0.402322114331623,0.245650344923996,-1.1823590133015
"392",692.252477256407,0,0,0.743465773589472,1.4488737953238,0.936978343184889,-0.246037627886642
"393",1943.17241441715,0,0,0.893713502164404,-0.537995163276017,1.29778812662145,0.53223102600975
"394",265.321254944717,1,1,-1.14385200066133,-1.03475411433189,-0.0129402899169206,-0.151330789112357
"395",123.344144354784,1,0,1.4183728313842,0.994264458321032,0.447381466465455,-1.43486851417561
"396",327.958144456674,1,0,0.551935658526445,-1.89291305240191,0.32350357896012,0.0490499810798099
"397",6.56671886272158,1,0,-0.414305421271473,0.13956965834911,-1.07593077950012,-2.94212415153739
"398",217.293956375681,0,0,-0.159778978417013,2.29089417340311,0.401528480887614,-0.458003223483157
"399",334.683343592042,0,0,-1.35113512458166,1.27117963680275,-0.324200927797553,0.90777390098888
"400",487.134954611014,0,1,-0.183078486871552,0.0348039444197625,1.49263002583287,0.5281132603658
"401",765.697781763662,2,0,2.00043449208795,0.472089418121342,-0.246532687748044,0.814606230347614
"402",1232.3116301609,2,0,0.788404275182356,-0.592428784333512,1.04576814062118,1.5479561353289
"403",48.511301029346,1,1,0.189903713155628,-1.582563714432,-0.595099505599087,-0.0261731998250949
"404",240.808326796155,2,1,-0.829426335911167,0.211946306572825,-2.42670811717663,1.03188892729153
"405",897.276689936931,0,0,0.957955168442446,0.990473893635411,1.03697759306928,-0.178007337610093
"406",267.484640558092,2,1,-2.06018677286537,0.000101122222656249,1.63671010142034,-0.305510962902376
"407",67.4023268004023,1,1,0.246210208020456,-0.662192003606283,-1.06835781113337,-0.545429796146783
"408",42.9731895369706,1,1,-0.104772118832294,-0.236467722141589,-1.54194197234342,0.224872227324313
"409",126.165484218718,2,0,0.322336106814475,0.0374794638241126,-0.424665939510487,0.603114025264633
"410",109.662302806448,1,0,0.704924865753514,1.91254330413177,-0.766007186866791,-0.505904060990686
"411",447.483439479832,2,0,1.39790201729547,-0.0836802597608989,2.50082832213584,0.358301588367118
"412",53.5312875867934,1,1,0.0766407963318801,-0.240230133804731,0.168794476857257,-0.922378146571982
"413",2065.57044993981,0,1,0.820239664939911,-1.19708914664213,-0.288029962844292,2.40917985680224
"414",433.033478563826,0,0,0.732567454356931,0.627621120719919,1.57714487794869,1.44890744690659
"415",141.379617086246,1,1,0.739526584411538,-0.0876633185040718,-0.393705880140791,-0.597788262805623
"416",312.800182626238,2,1,0.0765433092369741,-0.722155770654141,0.0703344918062937,-0.154155758444449
"417",71.7956646979072,2,1,-1.08016351939664,0.619759191901451,0.39783332777618,-1.08778374756948
"418",18.9152069587588,1,1,-0.804432280243877,0.211535448300538,-0.739705874541395,-1.46318014107916
"419",31.9456090768799,1,1,-1.55960874243616,0.0158033313304458,-0.0860044240794587,-0.202130882092629
"420",1165.3340013097,0,1,0.610519821777663,0.399365502774689,0.332894071061549,1.20634085659546
"421",180.974124427299,1,0,-1.71737292102605,0.1884020390215,0.196777427604581,0.70585335550447
"422",151.630270003341,0,0,1.57518077731523,0.600092430386489,0.877061585563572,-0.794568248266668
"423",1029.05468982697,0,0,-0.101878427987782,1.00482031577475,0.482850240962721,-0.143967202966705
"424",176.479958404962,0,1,-0.43257810833947,0.0664693079916426,0.251724392042986,-1.2309632346985
"425",61.36395152178,1,0,0.852833397212139,-0.515698985107902,-0.812277677571519,-1.14900281707431
"426",159.490073782268,1,1,-0.292771006513657,-0.382805310983829,0.642399705798477,0.949668302239852
"427",366.94757448294,0,0,1.45960465799314,-1.65267803964189,0.934527352321537,0.458355845651614
"428",814.947798810557,2,0,-1.38444524076257,0.817173764815032,-0.107152769282578,-0.331321787169793
"429",547.580548105785,1,0,0.805431056230822,0.96763302481634,-1.11714595816488,1.271093976442
"430",157.582590083242,0,0,1.41562667785803,1.52717907305064,-0.142769624489059,-1.43738447484279
"431",381.194481267743,2,0,2.09868406775059,-0.653650545171396,-0.275919541956348,0.194912223675356
"432",14.2308260682104,1,0,1.44487478162307,1.11005055076852,0.497513153676933,0.452198078334986
"433",115.227718603034,1,1,0.980796975991566,-1.26879604395844,0.206949254342753,-0.069145066778488
"434",975.743226747087,0,0,-0.916227118128791,0.87832707571046,-1.37673953845968,-0.174355277899079
"435",94.9604200182366,0,0,0.991682223557296,2.18030095502211,2.11181722181469,-0.84015192509564
"436",82.5639555055156,1,0,0.988164256060156,0.197496983762996,-1.31229685634975,0.112925901289328
"437",111.366692332135,1,1,-1.62960876100431,1.35231724543717,0.0818104291108053,0.0696946252580751
"438",277.973346630735,2,1,-0.893655673580399,0.181751709879846,1.37300592157306,1.58281896467222
"439",20.9707768238972,1,1,-0.591253554012615,-0.84999123248,-1.5096613442117,0.335878699617731
"440",118.784860038777,2,1,-0.0131481186153012,-0.683841984428057,0.319185848487684,1.90161629862418
"441",166.263854397929,2,0,-0.615714900308579,-0.854248684992294,0.814917455448142,-0.221588784885354
"442",0.333664280523656,1,1,1.56209432739697,1.25649234931982,-0.260142296683979,-1.1500131591887
"443",148.358552396181,0,1,-0.214986251747585,-0.907414664047799,-1.36995639306243,-0.967890077737368
"444",456.461268069412,1,1,-0.445026751786767,-0.361413573603859,-0.715349191750995,0.153689930906201
"445",464.325849833724,0,1,0.559883232103859,0.377308436123311,0.999188054185944,-2.19618815725614
"446",405.582215696199,2,0,-0.400321040908422,1.24699411024663,-0.442900141281733,1.84571927023765
"447",312.681368969349,2,0,-1.22499377367224,-0.0468451426265769,-0.291273929829954,0.262508963797727
"448",354.191215568995,2,1,-0.523080582653058,0.401691760962288,0.223105557982791,1.08395588697306
"449",197.11232262493,1,1,0.188607002607022,-0.961932592891461,0.937465575864219,-1.58155248754371
"450",284.483942388865,2,1,-0.409420527972314,0.609518314618165,-0.237767184955199,1.13953791148979
"451",192.97156195896,2,0,-1.12733475290809,1.67472159512601,1.21446644360237,0.899464933190151
"452",123.007145110302,1,1,0.892484286090729,1.47246970024646,-0.996682602912742,-0.583952184183603
"453",255.715657839226,1,1,-0.856545249968825,-1.93626520801627,0.24921591203776,0.377029851791691
"454",314.043700482887,2,1,-2.26542481431424,0.594435752730783,2.1964273017654,-0.478867217017569
"455",426.014894478681,2,1,0.76637205723605,-0.721406827557356,0.153031118817579,0.355655145879621
"456",77.0787759726873,1,0,0.962877318735595,-1.58111693744258,0.409412812739791,-1.15731136971863
"457",57.7628445636439,1,0,0.469297582385384,0.373014858586368,0.110899317727458,-2.52783363213951
"458",21.6468142274243,2,1,0.737285163569383,-0.18104477882628,2.22579495273642,-0.304269866424292
"459",69.1752968705865,2,1,-1.20952630532017,0.0615896822662917,-0.499903687352604,1.09950166773401
"460",320.772877603365,1,1,1.23107795114116,0.978012250967195,-0.379512194379055,-1.87098579253346
"461",775.08396792606,2,0,0.653684535671716,1.05068750950566,-0.465225143867809,-0.153352726184657
"462",232.021721833594,1,1,0.635410422252308,-0.810005589468367,-0.531517868054724,0.383575173124705
"463",28.7785356906929,2,0,0.537717299049571,0.727056597965937,0.3440180392102,0.193873211044479
"464",631.004996384217,2,0,1.18019131907331,-1.9190213536429,2.32793927240437,-1.17309969793634
"465",178.992980137447,2,1,-1.57128554150594,-0.471700680113945,0.868523078321362,-1.14859569082613
"466",500.818367151437,1,1,-0.0431932855230606,-0.343751742380681,-0.359810952442049,-0.522583514013627
"467",115.043444767734,2,0,0.136976568709418,-0.353861029812574,0.115114516243453,1.06436146343627
"468",44.5291186749687,1,1,1.29732483341246,0.358305166022848,-0.641487960942542,0.310091704984852
"469",205.528542837768,0,1,1.85076619146239,-1.78890131247854,0.185903242946706,-0.789416602439714
"470",66.0744101037819,1,0,-0.586205222919043,-1.6091510796813,1.05049392472175,0.139758976975186
"471",303.719207141765,1,0,0.773646669511962,0.985969149461833,-0.664574732470568,0.368886400857008
"472",12.5617762398838,1,0,-0.208377097904588,-0.568953438180062,-1.84048355965619,-0.367660662261402
"473",61.2422489292873,1,1,-0.315286119841681,-1.06703062448713,-0.147178887416574,-0.123006056643167
"474",375.120077949192,0,1,-0.0409746060932718,-0.273513079474081,-0.196308938483946,0.0179922598658547
"475",202.483997749397,2,0,-0.215491672226926,0.511843209485173,-0.10169411100215,0.146434389588066
"476",27.3920620315475,0,0,-0.0371071564701811,0.217334745105638,1.13870999151373,-0.346930706803347
"477",525.554430245189,0,1,-0.0608236862698916,0.245816814397629,0.811499338101141,1.21336171216137
"478",68.821846242906,1,0,-0.736171753163928,1.16042894701044,-0.291419905607482,-0.35284371348115
"479",259.931929341422,2,0,-0.541939973516068,-0.840184898594644,1.13416684881102,1.02318901646448
"480",6.38662556140838,1,1,0.658679347474866,-1.99559436747531,0.672230988042397,0.831392902697751
"481",169.561722974344,1,1,0.305998529284702,-1.38956880903007,-0.527466866380883,0.422390637760451
"482",588.307757811935,2,0,-0.60064508159145,0.225346026710351,1.87041656994228,-0.0633869696462755
"483",129.969260826484,1,0,-0.694507588821513,-0.341797231721703,0.297117947722946,-0.891458592450397
"484",154.971693043925,1,0,0.58555984921812,-1.72893328369359,-0.583730766173067,-0.584991451683625
"485",0.789171026368061,2,1,-0.891064745895506,-1.3447099962598,-0.445793935953519,1.11459123656885
"486",1209.20406379443,2,0,0.347956842355886,0.320345400436794,0.731757922626989,1.04752403434884
"487",141.837258381512,1,1,-0.232461788808298,0.0364318554276705,-1.12556196701701,-0.845747469835556
"488",7.01574972821407,1,1,0.235008021716023,-1.96889813820238,-0.072949242597961,1.79293618824814
"489",113.583778202341,1,0,-0.491388249658821,-0.879210981012012,-0.81190322961724,-0.887423216354928
"490",108.422410715471,1,0,0.998426225161611,-0.324402517704624,1.22772226331967,-1.72243270434091
"491",213.829879757579,1,0,-0.020212872917175,-0.939379482470958,0.456629455109245,-1.72634809098903
"492",143.780660959244,1,0,-0.133716195661702,0.805445216684681,2.43405360933133,-1.05409573142048
"493",2188.30939678797,2,1,0.386303154541774,-0.329681027287486,0.0674662696101828,0.221644441034312
"494",100.343368200094,1,0,-0.204946612148674,-1.19500424055907,-0.132565648600951,0.40652228858561
"495",75.3589051087478,2,1,-0.85145941461694,0.577719639705908,-1.63373245085243,0.356397922853285
"496",102.030209459236,1,1,0.144652199926754,1.05050933898074,-1.69060466386537,-0.51234598509891
"497",200.91373641496,2,1,-0.596432197624584,-1.99072101943124,0.224797899556151,0.161462651611586
"498",874.133664610563,0,0,0.946758265559708,-0.4475699272388,0.35618192287147,1.1876415290386
"499",757.734549383381,1,1,-1.520734761382,-1.42059698391557,0.627150182114158,0.396603309319401
"500",5.94616465902149,1,0,0.55472765203944,0.770690825071303,-0.835324387592668,-0.717770670982694
